{"cameraMode":{"drawMode":0,"name":"Shaded","section":"Shading Mode"},"sceneLighting":true,"audioPlay":false,"sceneViewState":{"m_AlwaysRefresh":false,"showFog":true,"showSkybox":true,"showFlares":true,"showImageEffects":true,"showParticleSystems":true,"showVisualEffectGraphs":true,"m_FxEnabled":true},"in2DMode":false,"pivot":{"x":412.2501220703125,"y":311.61517333984377,"z":-9.357908248901368},"rotation":{"x":0.019806740805506707,"y":-0.011687632650136948,"z":0.0002722156932577491,"w":0.9997827410697937},"size":382.8514404296875,"orthographic":false}