{"cameraMode":{"drawMode":0,"name":"Shaded","section":"Shading Mode"},"sceneLighting":true,"audioPlay":false,"sceneViewState":{"m_AlwaysRefresh":false,"showFog":true,"showSkybox":true,"showFlares":true,"showImageEffects":true,"showParticleSystems":true,"showVisualEffectGraphs":true,"m_FxEnabled":true},"in2DMode":false,"pivot":{"x":1.9488699436187745,"y":1.5180062055587769,"z":-3.477851152420044},"rotation":{"x":-0.0639563724398613,"y":0.15680502355098725,"z":-0.010211068205535412,"w":-0.9855484366416931},"size":5.024654388427734,"orthographic":false}